source,primary_outcome,n
asymmetric_reachability,timeout,60
asymmetric_reachability,unclassified_latency,30
clean,delayed,3
clean,no_observed_consumption_symptom,177
correlated_loss,delayed,26
correlated_loss,no_observed_consumption_symptom,288
correlated_loss,timeout,46
corrupt,delayed,15
corrupt,no_observed_consumption_symptom,341
corrupt,timeout,4
delay,delayed,210
delay,timeout,150
dns_failure,dependency_resolution_failure,90
duplicate,delayed,38
duplicate,no_observed_consumption_symptom,322
flow_control_stall,timeout,30
flow_control_stall,unclassified_latency,60
jitter,delayed,180
jitter,timeout,180
loss,delayed,56
loss,no_observed_consumption_symptom,248
loss,timeout,56
mtu_pmtu,timeout,60
mtu_pmtu,unclassified_latency,30
rate,delayed,267
rate,no_observed_consumption_symptom,93
reorder,delayed,355
reorder,no_observed_consumption_symptom,5
retry_duplication,logical_duplicate,90
stream_interruption,incomplete,90
tcp_reset,timeout,30
tcp_reset,unclassified_latency,60
temporary_partition,timeout,60
temporary_partition,unclassified_latency,30
