source,manifestation,n,observed_true,observed_false,unknown
asymmetric_reachability,timeout,90,60,30,0
asymmetric_reachability,late_delivery,90,0,90,0
asymmetric_reachability,delayed,90,0,0,90
asymmetric_reachability,incomplete,90,0,90,0
asymmetric_reachability,logical_duplicate,90,0,90,0
asymmetric_reachability,logical_reorder,90,0,0,90
asymmetric_reachability,accepted_corruption,90,0,90,0
asymmetric_reachability,client_unacknowledged,90,60,30,0
clean,timeout,180,0,180,0
clean,late_delivery,180,0,180,0
clean,delayed,180,3,177,0
clean,incomplete,180,0,180,0
clean,logical_duplicate,180,0,180,0
clean,logical_reorder,180,0,180,0
clean,accepted_corruption,180,0,180,0
clean,client_unacknowledged,180,0,180,0
correlated_loss,timeout,360,46,314,0
correlated_loss,late_delivery,360,0,360,0
correlated_loss,delayed,360,26,334,0
correlated_loss,incomplete,360,0,360,0
correlated_loss,logical_duplicate,360,0,360,0
correlated_loss,logical_reorder,360,0,314,46
correlated_loss,accepted_corruption,360,0,360,0
correlated_loss,client_unacknowledged,360,46,314,0
corrupt,timeout,360,4,356,0
corrupt,late_delivery,360,0,360,0
corrupt,delayed,360,15,345,0
corrupt,incomplete,360,0,360,0
corrupt,logical_duplicate,360,0,360,0
corrupt,logical_reorder,360,0,356,4
corrupt,accepted_corruption,360,0,360,0
corrupt,client_unacknowledged,360,4,356,0
delay,timeout,360,150,210,0
delay,late_delivery,360,0,360,0
delay,delayed,360,210,150,0
delay,incomplete,360,0,360,0
delay,logical_duplicate,360,0,360,0
delay,logical_reorder,360,0,210,150
delay,accepted_corruption,360,0,360,0
delay,client_unacknowledged,360,150,210,0
dns_failure,timeout,90,0,0,90
dns_failure,late_delivery,90,0,0,90
dns_failure,delayed,90,0,0,90
dns_failure,incomplete,90,0,0,90
dns_failure,logical_duplicate,90,0,0,90
dns_failure,logical_reorder,90,0,0,90
dns_failure,accepted_corruption,90,0,0,90
dns_failure,client_unacknowledged,90,0,0,90
duplicate,timeout,360,0,360,0
duplicate,late_delivery,360,0,360,0
duplicate,delayed,360,38,322,0
duplicate,incomplete,360,0,360,0
duplicate,logical_duplicate,360,0,360,0
duplicate,logical_reorder,360,0,360,0
duplicate,accepted_corruption,360,0,360,0
duplicate,client_unacknowledged,360,0,360,0
flow_control_stall,timeout,90,30,60,0
flow_control_stall,late_delivery,90,30,60,0
flow_control_stall,delayed,90,0,0,90
flow_control_stall,incomplete,90,0,90,0
flow_control_stall,logical_duplicate,90,0,90,0
flow_control_stall,logical_reorder,90,0,0,90
flow_control_stall,accepted_corruption,90,0,90,0
flow_control_stall,client_unacknowledged,90,30,60,0
jitter,timeout,360,180,180,0
jitter,late_delivery,360,28,332,0
jitter,delayed,360,180,180,0
jitter,incomplete,360,0,360,0
jitter,logical_duplicate,360,0,360,0
jitter,logical_reorder,360,0,205,155
jitter,accepted_corruption,360,0,360,0
jitter,client_unacknowledged,360,180,180,0
loss,timeout,360,56,304,0
loss,late_delivery,360,0,360,0
loss,delayed,360,56,304,0
loss,incomplete,360,0,360,0
loss,logical_duplicate,360,0,360,0
loss,logical_reorder,360,0,304,56
loss,accepted_corruption,360,0,360,0
loss,client_unacknowledged,360,57,303,0
mtu_pmtu,timeout,90,60,30,0
mtu_pmtu,late_delivery,90,0,90,0
mtu_pmtu,delayed,90,0,0,90
mtu_pmtu,incomplete,90,0,90,0
mtu_pmtu,logical_duplicate,90,0,90,0
mtu_pmtu,logical_reorder,90,0,0,90
mtu_pmtu,accepted_corruption,90,0,90,0
mtu_pmtu,client_unacknowledged,90,60,30,0
rate,timeout,360,0,360,0
rate,late_delivery,360,0,360,0
rate,delayed,360,267,93,0
rate,incomplete,360,0,360,0
rate,logical_duplicate,360,0,360,0
rate,logical_reorder,360,0,360,0
rate,accepted_corruption,360,0,360,0
rate,client_unacknowledged,360,0,360,0
reorder,timeout,360,0,360,0
reorder,late_delivery,360,0,360,0
reorder,delayed,360,355,5,0
reorder,incomplete,360,0,360,0
reorder,logical_duplicate,360,0,360,0
reorder,logical_reorder,360,0,360,0
reorder,accepted_corruption,360,0,360,0
reorder,client_unacknowledged,360,0,360,0
retry_duplication,timeout,90,0,90,0
retry_duplication,late_delivery,90,0,90,0
retry_duplication,delayed,90,0,0,90
retry_duplication,incomplete,90,0,90,0
retry_duplication,logical_duplicate,90,90,0,0
retry_duplication,logical_reorder,90,0,0,90
retry_duplication,accepted_corruption,90,0,90,0
retry_duplication,client_unacknowledged,90,0,90,0
stream_interruption,timeout,90,90,0,0
stream_interruption,late_delivery,90,0,90,0
stream_interruption,delayed,90,0,0,90
stream_interruption,incomplete,90,90,0,0
stream_interruption,logical_duplicate,90,0,90,0
stream_interruption,logical_reorder,90,0,0,90
stream_interruption,accepted_corruption,90,0,90,0
stream_interruption,client_unacknowledged,90,90,0,0
tcp_reset,timeout,90,30,60,0
tcp_reset,late_delivery,90,0,90,0
tcp_reset,delayed,90,0,0,90
tcp_reset,incomplete,90,0,90,0
tcp_reset,logical_duplicate,90,0,90,0
tcp_reset,logical_reorder,90,0,0,90
tcp_reset,accepted_corruption,90,0,90,0
tcp_reset,client_unacknowledged,90,90,0,0
temporary_partition,timeout,90,60,30,0
temporary_partition,late_delivery,90,0,90,0
temporary_partition,delayed,90,0,0,90
temporary_partition,incomplete,90,0,90,0
temporary_partition,logical_duplicate,90,0,90,0
temporary_partition,logical_reorder,90,0,0,90
temporary_partition,accepted_corruption,90,0,90,0
temporary_partition,client_unacknowledged,90,60,30,0
