source,n,no_observed_consumption_symptom,masked_true,masked_unknown,timeout,late_delivery,delayed,incomplete,logical_duplicate,logical_reorder,accepted_corruption,client_unacknowledged
asymmetric_reachability,90,0,0,90,60,0,0,0,0,0,0,60
clean,180,177,0,180,0,0,3,0,0,0,0,0
correlated_loss,360,288,0,360,46,0,26,0,0,0,0,46
corrupt,360,341,0,360,4,0,15,0,0,0,0,4
delay,360,0,0,360,150,0,210,0,0,0,0,150
dns_failure,90,0,0,90,0,0,0,0,0,0,0,0
duplicate,360,322,0,360,0,0,38,0,0,0,0,0
flow_control_stall,90,0,0,90,30,30,0,0,0,0,0,30
jitter,360,0,0,360,180,28,180,0,0,0,0,180
loss,360,248,0,360,56,0,56,0,0,0,0,57
mtu_pmtu,90,0,0,90,60,0,0,0,0,0,0,60
rate,360,93,0,360,0,0,267,0,0,0,0,0
reorder,360,5,0,360,0,0,355,0,0,0,0,0
retry_duplication,90,0,0,90,0,0,0,0,90,0,0,0
stream_interruption,90,0,0,90,90,0,0,90,0,0,0,90
tcp_reset,90,0,0,90,30,0,0,0,0,0,0,90
temporary_partition,90,0,0,90,60,0,0,0,0,0,0,60
